estimated_pickup_latitude,estimated_pickup_longitude,pickup_hex,estimated_dropoff_latitude,estimated_dropoff_longitude,dropoff_hex
23.7395854,90.40192835,893cf1764a7ffff,23.73967827,90.40197268,893cf1764a7ffff
23.82213182,90.36692854,893cf10e953ffff,23.8219723,90.3669241,893cf10e953ffff
23.70086307,90.40126584,893cf176283ffff,23.70097911,90.40108748,893cf176283ffff
23.8719154,90.39930582,893cf105827ffff,23.8719154,90.39930582,893cf105827ffff
27.6902,85.3359,893c02d6d8fffff,27.6898684,85.3356412,893c02d6d8fffff
27.75815353,85.36138639,893c02983b7ffff,27.75783547,85.36198117,893c02983b7ffff
27.7025168,85.35176933,893c0299e2bffff,27.70207153,85.35137638,893c0299e2bffff
27.00977691,84.88869781,893c153994bffff,27.00822854,84.88816291,893c153994bffff
23.75773336,90.37431166,893cf10c84bffff,23.75763087,90.37432507,893cf10c84bffff
27.7333991,85.34633718,893c0299c8fffff,27.73255333,85.34758206,893c0299c8fffff
27.66646829,85.33240847,893c02d6817ffff,27.66646829,85.33240847,893c02d6817ffff
27.70991659,85.31772707,893c029914bffff,27.71068714,85.3197689,893c029914bffff
27.68943259,85.30803457,893c029922fffff,27.6897069,85.3073238,893c029922fffff
23.82270414,90.43471064,893cf13b1cfffff,23.82226954,90.43473009,893cf13b1cfffff
23.82227138,90.34060065,893cf10e8c3ffff,23.82200576,90.33931453,893cf10e8c3ffff
27.6635104,85.33141505,893c02d6803ffff,27.664066,85.332314,893c02d6803ffff
27.61675951,85.31747863,893c02d410bffff,27.61675951,85.31747863,893c02d410bffff
27.67591184,85.31819008,893c02d6c3bffff,27.67591184,85.31819008,893c02d6c3bffff
28.18782055,83.96925961,893c33a7403ffff,28.18893455,83.96947984,893c33a7403ffff
27.71816265,85.3121179,893c02991dbffff,27.7181,85.312,893c02991dbffff
27.72937911,85.30372091,893c0299557ffff,27.72937911,85.30372091,893c0299557ffff
27.68421599,85.34127485,893c02d6d07ffff,27.68448198,85.34156899,893c02d6d07ffff
27.72063231,85.3463744,893c0299c47ffff,27.72063231,85.3463744,893c0299c47ffff
27.61577796,85.31741761,893c02d4147ffff,27.61587035,85.31907924,893c02d4147ffff
28.21876336,83.99776407,893c33a6617ffff,28.21966996,83.99747436,893c33a6617ffff
23.82547647,90.43183532,893cf13b1c3ffff,23.82545715,90.43180414,893cf13b1c3ffff
27.7048752,85.31354852,893c0299383ffff,27.7048752,85.31354852,893c0299383ffff
27.69616919,85.28198227,893c029966fffff,27.69472584,85.28205939,893c029966fffff
23.83435709,90.3665366,893cf10e99bffff,23.8341099,90.36657516,893cf10e99bffff
23.834981,90.418032,893cf13b543ffff,23.83491218,90.4178771,893cf13b543ffff
27.73741182,85.36077317,893c0299dd3ffff,27.73657153,85.35856297,893c0299dd3ffff
27.70616913,85.32598114,893c02993a7ffff,27.70613861,85.32595825,893c02993a7ffff
27.69483152,85.26994988,893c029964bffff,27.69490188,85.27000252,893c029964bffff
27.66969982,84.43821072,893c0659a73ffff,27.670626,84.4384613,893c0659a73ffff
27.76168115,85.30295949,893c029b167ffff,27.76168115,85.30295949,893c029b167ffff
27.69677597,85.29398046,893c029928fffff,27.6974321,85.29253357,893c029928fffff
27.70496307,85.31989429,893c02993bbffff,27.70496307,85.31989429,893c02993bbffff
27.72990291,85.34810442,893c0299c17ffff,27.7300624,85.3482187,893c0299c17ffff
27.68121405,85.47846314,893c0288567ffff,27.67865027,85.47760114,893c0288567ffff
27.67968298,85.31011686,893c02d6c13ffff,27.67946199,85.31084858,893c02d6c13ffff
27.70154571,85.31329975,893c029938bffff,27.7013314,85.31209562,893c029938bffff
23.79485613,90.41873483,893cf13b22bffff,23.79492107,90.41869621,893cf13b22bffff
27.68603297,85.34790594,893c02d6d37ffff,27.6870127,85.34745634,893c02d6d37ffff
27.66067977,85.32654965,893c02d6857ffff,27.65796842,85.32570067,893c02d6857ffff
23.73707187,90.41181191,893cf17651bffff,23.73688644,90.41237997,893cf17651bffff
27.70616913,85.32598114,893c02993a7ffff,27.70613861,85.32595825,893c02993a7ffff
23.75377998,90.38044989,893cf10caa3ffff,23.75378,90.38045,893cf10caa3ffff
23.7964213,90.40337607,893cf13b2cfffff,23.79587,90.40342,893cf13b2cfffff
23.87230968,90.39646268,893cf105823ffff,23.87230968,90.39646268,893cf105823ffff
27.662556,85.41688431,893c028b14bffff,27.662556,85.41688431,893c028b14bffff
23.7504746,90.43905951,893cf13928fffff,23.7505119,90.439062,893cf13928fffff
23.79444107,90.36202613,893cf10eb4bffff,23.7944398,90.3620243,893cf10eb4bffff
27.72878022,85.30930024,893c0299573ffff,27.72878022,85.30930024,893c0299573ffff
27.72859177,85.30905817,893c0299573ffff,27.72859177,85.30905817,893c0299573ffff
27.68415127,85.33510208,893c02d6d03ffff,27.6833,85.3367,893c02d6d03ffff
27.68725555,85.2818542,893c02d6537ffff,27.68695154,85.2825737,893c02d6537ffff
27.68217245,85.33932891,893c02d6d0fffff,27.68217245,85.33932891,893c02d6d0fffff
27.6664573,85.47787674,893c0288027ffff,27.6664573,85.47787674,893c0288027ffff
27.69106483,85.31098165,893c029935bffff,27.69106483,85.31098165,893c029935bffff
27.70263435,85.32018866,893c0299317ffff,27.7025622,85.3200978,893c0299317ffff
27.71872716,85.30410849,893c02990a3ffff,27.7189907,85.3045088,893c02990a3ffff
27.67722005,85.46701077,893c028854fffff,27.67722005,85.46701077,893c028854fffff
27.67104111,85.48019249,893c02881cfffff,27.67104111,85.48019249,893c02881cfffff
27.63014589,85.36617782,893c02d4d47ffff,27.63014589,85.36617782,893c02d4d47ffff
27.73099442,85.29250223,893c02995dbffff,27.73099436,85.29250235,893c02995dbffff
27.68861439,85.33138856,893c02d6d8bffff,27.68886563,85.3314969,893c02d6d8bffff
27.69102505,85.31109866,893c029935bffff,27.69102505,85.31109866,893c029935bffff
27.70179279,84.41915989,893c0659c4fffff,27.70181951,84.41939358,893c0659c4fffff
27.63916666,83.4853049,893c3356d77ffff,27.63863024,83.48753046,893c3356d77ffff
27.71931987,85.37590016,893c02999dbffff,27.71891296,85.37717789,893c02999dbffff
27.6945175,85.3031528,893c0299237ffff,27.69411945,85.3040129,893c0299237ffff
27.66281791,85.34013424,893c02d6823ffff,27.66466375,85.34104519,893c02d6823ffff
27.7145,85.20519,893c066ce97ffff,27.712668,85.2057489,893c066ce97ffff
27.71924983,85.30182861,893c02990bbffff,27.71924983,85.30182861,893c02990bbffff
27.68568086,85.34469299,893c02d6d33ffff,27.6860297,85.3447473,893c02d6d33ffff
27.72837483,85.32558024,893c02991b3ffff,27.72837483,85.32558024,893c02991b3ffff
27.76560442,85.30366324,893c029b12bffff,27.76560442,85.30366324,893c029b12bffff
27.71842591,85.33743091,893c029912fffff,27.7165973,85.3357592,893c029912fffff
27.71945225,85.3205853,893c029911bffff,27.71954493,85.32201361,893c029911bffff
27.75002472,85.30199323,893c02986cbffff,27.75042321,85.30246697,893c02986cbffff
27.70209172,85.31252995,893c029938bffff,27.7031428,85.3130288,893c029938bffff
27.69607479,85.36620531,893c0299aabffff,27.69661,85.36625,893c0299aabffff
27.6877849,85.34748182,893c02d6d37ffff,27.6877849,85.34748182,893c02d6d37ffff
23.77994105,90.40548697,893cf10c9bbffff,23.78031781,90.40550206,893cf10c9bbffff
23.7504746,90.43905951,893cf13928fffff,23.7505119,90.439062,893cf13928fffff
22.36146989,91.81193009,893cc21aeb7ffff,22.36147,91.81193,893cc21aeb7ffff
27.72459208,85.3000265,893c029954bffff,27.72438366,85.2997707,893c029954bffff
27.73938726,85.37147786,893c0299d8fffff,27.73985431,85.37212571,893c0299d8fffff
23.66402621,90.48647493,893cf174eb3ffff,23.66372887,90.48642732,893cf174eb3ffff
23.66402612,90.48647493,893cf174eb3ffff,23.66372887,90.48642732,893cf174eb3ffff
23.77540568,90.41255895,893cf10c923ffff,23.77535782,90.41238058,893cf10c923ffff
23.81189436,90.4265392,893cf13b39bffff,23.81181146,90.42665522,893cf13b39bffff
23.87038518,90.38845059,893cf10580fffff,23.87038518,90.38845059,893cf10580fffff
23.772986,90.411379,893cf10c93bffff,23.7730007,90.4114306,893cf10c93bffff
27.7145,85.20519,893c066ce97ffff,27.712668,85.2057489,893c066ce97ffff
27.68010901,85.34579097,893c02d6d2bffff,27.6801673,85.3460247,893c02d6d2bffff
23.80994497,90.41343067,893cf13b04fffff,23.80995724,90.41342564,893cf13b04fffff
24.88875465,91.87292989,893ce361587ffff,24.888742,91.8729117,893ce361587ffff
27.72693517,85.34824524,893c0299c03ffff,27.7265744,85.3481362,893c0299c03ffff
27.67742848,85.4672049,893c028854fffff,27.67742848,85.4672049,893c028854fffff
27.72046225,85.29108267,893c0299467ffff,27.7208368,85.29051874,893c0299467ffff
27.77151018,85.34909985,893c02981d3ffff,27.7713657,85.3483683,893c02981d3ffff
27.67051465,85.40969398,893c028b1dbffff,27.6718191,85.408521,893c028b1dbffff
27.77151018,85.34909985,893c02981d3ffff,27.7713657,85.3483683,893c02981d3ffff
27.73706818,85.33187069,893c0298273ffff,27.7356981,85.3320873,893c0298273ffff
27.7201619,85.2792851,893c0299447ffff,27.7199729,85.279815,893c0299447ffff
27.69532847,85.37332155,893c0299bcbffff,27.69594239,85.37630819,893c0299bcbffff
27.73069825,85.32615054,893c029824fffff,27.73073149,85.32620251,893c029824fffff
27.6563691,85.31624816,893c02d6e23ffff,27.6569515,85.3160906,893c02d6e23ffff
27.6748446,85.32265501,893c02d6c2bffff,27.67439695,85.32041956,893c02d6c2bffff
27.72840836,85.32555375,893c02991b3ffff,27.72840836,85.32555375,893c02991b3ffff
27.6939071,85.3432374,893c02d6db7ffff,27.6938143,85.3432565,893c02d6db7ffff
27.67396256,85.35780564,893c02d69abffff,27.6734759,85.3580879,893c02d69abffff
23.80113232,90.4234561,893cf13b3cbffff,23.80113867,90.42346721,893cf13b3cbffff
27.69357459,85.31881571,893c0299373ffff,27.69202135,85.31969869,893c0299373ffff
23.74262435,90.41302767,893cf17658fffff,23.74262435,90.41302767,893cf17658fffff
27.69544217,85.29113431,893c029928fffff,27.694799,85.2916323,893c029928fffff
27.70755651,85.32966021,893c0299ed3ffff,27.7082408,85.33015516,893c0299ed3ffff
23.745727,90.3813635,893cf10ca3bffff,23.74571264,90.38137525,893cf10ca3bffff
23.7387945,90.40958036,893cf1765c7ffff,23.73877035,90.40952421,893cf1765c7ffff
23.81488003,90.42903744,893cf13b393ffff,23.81247525,90.42906895,893cf13b393ffff
27.66766912,84.42462187,893c1596d2fffff,27.6677033,84.4245683,893c1596d2fffff
27.70979044,85.33257309,893c029916fffff,27.7098382,85.3325942,893c029916fffff
27.67483581,85.32482721,893c02d6c2fffff,27.6738601,85.3251782,893c02d6c2fffff
27.70916799,85.31033222,893c029902bffff,27.70917571,85.31035837,893c029902bffff
27.71953268,85.3310791,893c029913bffff,27.7195904,85.3310708,893c029913bffff
23.8341099,90.36657516,893cf10e99bffff,23.8341099,90.36657516,893cf10e99bffff
23.820331,90.433915,893cf13b153ffff,23.82036909,90.43389883,893cf13b153ffff
23.77654337,90.360565,893cf10cc47ffff,23.77802,90.36117,893cf10cc47ffff
23.772639,90.365377,893cf10cc6bffff,23.77262308,90.36541644,893cf10cc6bffff
23.82560989,90.43974247,893cf13b103ffff,23.8257,90.4397719,893cf13b103ffff
23.750651,90.390494,893cf10cbcfffff,23.750719,90.39059147,893cf10cbcfffff
23.75110003,90.38634002,893cf10cbdbffff,23.75164,90.3856,893cf10cbdbffff
23.89219041,90.38709473,893cf105dcfffff,23.89219501,90.38709976,893cf105dcfffff
27.71717315,85.36304891,893c029988bffff,27.71651064,85.36271241,893c029988bffff
27.62289012,85.31903766,893c02d4117ffff,27.62289012,85.31903766,893c02d4117ffff
27.69180583,85.30583281,893c0299227ffff,27.69180583,85.30583281,893c0299227ffff
27.66604841,85.33167757,893c02d6817ffff,27.66604841,85.33167757,893c02d6817ffff
27.72054921,85.36208075,893c0299883ffff,27.72054921,85.36208075,893c0299883ffff
27.73928578,85.3474322,893c029834bffff,27.73842343,85.34776848,893c029834bffff
27.70008354,85.37664983,893c0299bc3ffff,27.69862836,85.37371416,893c0299bc3ffff
27.70423611,85.35209522,893c0299e23ffff,27.70423611,85.35209522,893c0299e23ffff
27.66374559,85.31727813,893c02d6ea7ffff,27.66374559,85.31727813,893c02d6ea7ffff
27.66660785,85.33267938,893c02d6817ffff,27.66660785,85.33267938,893c02d6817ffff
27.7029588,85.35780866,893c0299a97ffff,27.7030787,85.3579035,893c0299a97ffff
27.73836794,85.33947274,893c029822bffff,27.73757206,85.34010742,893c029822bffff
27.73477279,85.35531186,893c0299ca7ffff,27.73534,85.35514,893c0299ca7ffff
27.67852735,85.47138881,893c028857bffff,27.67852735,85.47138881,893c028857bffff
27.72179159,85.3117967,893c02991d3ffff,27.7214,85.3124,893c02991d3ffff
27.67425176,85.4797278,893c02881d7ffff,27.67425176,85.4797278,893c02881d7ffff
27.74681867,85.31715609,893c0298663ffff,27.7476023,85.3176268,893c0298663ffff
27.64827578,85.32177251,893c02d6a83ffff,27.6500667,85.3209286,893c02d6a83ffff
27.696789,85.221112,893c066ca9bffff,27.69556627,85.22208777,893c066ca9bffff
27.7363,85.35064844,893c0299cb3ffff,27.7363,85.35064844,893c0299cb3ffff
27.66663725,85.41751094,893c028b157ffff,27.66702179,85.41631971,893c028b157ffff
27.71297283,85.34689197,893c0299ea3ffff,27.71288885,85.34671803,893c0299ea3ffff
27.70624035,85.30915171,893c0299067ffff,27.7061272,85.309495,893c0299067ffff
27.67888987,85.47719277,893c0288567ffff,27.6811137,85.4783136,893c0288567ffff
27.69114202,85.31090923,893c029935bffff,27.69114202,85.31090923,893c029935bffff
27.66660458,85.41763701,893c028b157ffff,27.66773622,85.41534506,893c028b157ffff
27.71226919,85.32245647,893c0299147ffff,27.71226919,85.32245647,893c0299147ffff
27.75150859,85.32604057,893c0298297ffff,27.75150859,85.32604057,893c0298297ffff
27.69795599,85.34469634,893c0299e7bffff,27.69802219,85.34417801,893c0299e7bffff
27.70004672,85.35449582,893c0299a93ffff,27.70033045,85.3533274,893c0299a93ffff
23.78932454,90.40518053,893cf13b243ffff,23.78916886,90.40522624,893cf13b243ffff
27.6679034,85.48031386,893c0288153ffff,27.66740929,85.47858585,893c0288153ffff
27.6707801,84.43883792,893c0659a73ffff,27.6708234,84.4389448,893c0659a73ffff
27.68421599,85.34127485,893c02d6d07ffff,27.68448198,85.34156899,893c02d6d07ffff
27.68421599,85.34127485,893c02d6d07ffff,27.68448198,85.34156899,893c02d6d07ffff
27.71586538,85.33422634,893c029912bffff,27.7168843,85.3330423,893c029912bffff
23.75770851,90.37431769,893cf10c84bffff,23.75763087,90.37432507,893cf10c84bffff
23.769043,90.423917,893cf1396b3ffff,23.76917735,90.42388458,893cf1396b3ffff
23.70425842,90.44630181,893cf176ecfffff,23.7044882,90.447184,893cf176ecfffff
23.752993,90.363342,893cf10ce6fffff,23.75296838,90.36329616,893cf10ce6fffff
22.32939656,91.78938501,893cc2185c3ffff,22.32942376,91.78954116,893cc2185c3ffff
23.89479388,90.42511705,893cf104a67ffff,23.89518191,90.42437927,893cf104a67ffff
27.74241282,85.3488645,893c0298343ffff,27.73987748,85.34827575,893c0298343ffff
27.74248107,85.34472048,893c0298227ffff,27.74227425,85.34421857,893c0298227ffff
27.71401476,85.34524418,893c0299eb3ffff,27.71401476,85.34524418,893c0299eb3ffff
27.72723076,85.40579136,893c028a4c3ffff,27.7278029,85.4045606,893c028a4c3ffff
27.70805133,85.31681947,893c0299397ffff,27.70707238,85.31416576,893c0299397ffff
27.66167949,85.44700878,893c02886afffff,27.66279675,85.44734135,893c02886afffff
27.75646444,85.31717889,893c0298633ffff,27.75646444,85.31717889,893c0298633ffff
27.72545585,85.29924344,893c029955bffff,27.724935,85.29748595,893c029955bffff
27.75731358,85.30185275,893c02986d7ffff,27.75731358,85.30185275,893c02986d7ffff
27.73834687,85.30422918,893c029958fffff,27.73834687,85.30422918,893c029958fffff
23.90635329,90.2605813,893cf100db3ffff,23.90751785,90.26242698,893cf100db3ffff
23.8718366,90.39923608,893cf105827ffff,23.8719154,90.39930582,893cf105827ffff
27.68837985,85.31346269,893c029934bffff,27.688062,85.314378,893c029934bffff
27.7346897,85.3078455,893c0299507ffff,27.73452255,85.31046367,893c0299507ffff
27.73753378,85.32079451,893c02982cbffff,27.7378009,85.3212747,893c02982cbffff
27.66591063,85.4242406,893c028b173ffff,27.66551437,85.42290721,893c028b173ffff
27.66656984,85.35124496,893c02d6957ffff,27.66614313,85.35129223,893c02d6957ffff
27.71172215,85.33724181,893c0299e83ffff,27.7129228,85.336753,893c0299e83ffff
27.70890233,85.37156772,893c0299877ffff,27.70890233,85.37156772,893c0299877ffff
27.6990778,85.35613529,893c0299a83ffff,27.6995946,85.35678379,893c0299a83ffff
27.69456939,85.3315914,893c02d6d97ffff,27.69499302,85.33287484,893c02d6d97ffff
27.72711234,85.33330668,893c02991a7ffff,27.7270242,85.3332926,893c02991a7ffff
27.67878607,85.47733719,893c0288567ffff,27.68110538,85.47829416,893c0288567ffff
26.81787569,87.28415374,893c1c24e53ffff,26.81787569,87.28415374,893c1c24e53ffff
27.69456939,85.3315914,893c02d6d97ffff,27.69499302,85.33287484,893c02d6d97ffff
27.69138139,85.28357349,893c02992c3ffff,27.69000961,85.28614681,893c02992c3ffff
27.69247706,85.271869,893c02d65b3ffff,27.69247706,85.271869,893c02d65b3ffff
27.66679552,85.33946201,893c02d68afffff,27.6667431,85.3394266,893c02d68afffff
27.6912357,85.3169011,893c0299347ffff,27.6915602,85.3166398,893c0299347ffff
27.68887119,85.33329595,893c02d6d8bffff,27.68977995,85.3308679,893c02d6d8bffff
27.72729991,85.32349985,893c0299187ffff,27.7273,85.3235,893c0299187ffff
27.65865564,85.33973129,893c02d6867ffff,27.65852419,85.3401034,893c02d6867ffff
27.71453,85.2052,893c066ce97ffff,27.712668,85.2057489,893c066ce97ffff
27.72711234,85.33330668,893c02991a7ffff,27.7270242,85.3332926,893c02991a7ffff
27.7021083,85.312553,893c029938bffff,27.7031428,85.3130288,893c029938bffff
27.68395116,84.43294343,893c0659a87ffff,27.68395116,84.43294343,893c0659a87ffff
27.69033986,85.30589417,893c029922fffff,27.69033986,85.30589417,893c029922fffff
27.760128,85.31110369,893c029868fffff,27.75984857,85.31033623,893c029868fffff
27.711472,85.366907,893c0299803ffff,27.71325693,85.36671594,893c0299803ffff
27.69412646,85.31980444,893c0299373ffff,27.69449815,85.32038775,893c0299373ffff
27.71310562,85.31833459,893c0299143ffff,27.71273341,85.31833459,893c0299143ffff
23.73369389,90.38719531,893cf17648bffff,23.73369389,90.38719531,893cf17648bffff
27.70904362,85.37800368,893c0299b93ffff,27.70693925,85.37870333,893c0299b93ffff
27.7092132,85.2926234,893c02990cfffff,27.7111047,85.2928639,893c02990cfffff
27.73491079,85.30920234,893c0299507ffff,27.73522268,85.30886941,893c0299507ffff
27.69009018,85.28578665,893c02992c3ffff,27.6893091,85.2848268,893c02992c3ffff
27.74167276,85.34607936,893c0298353ffff,27.74234724,85.34753765,893c0298353ffff
23.78709508,90.39964311,893cf10cd2fffff,23.78775254,90.39968301,893cf10cd2fffff
23.75413472,90.41487403,893cf139653ffff,23.75413472,90.41487403,893cf139653ffff
23.95469934,90.31078689,893cf1062c3ffff,23.95470271,90.31074867,893cf1062c3ffff
24.7415116,90.4092469,893ce20907bffff,24.7415116,90.4092469,893ce20907bffff
27.69991,85.26678,893c02996cbffff,27.69991,85.26678,893c02996cbffff
27.62211104,85.31669932,893c02d4113ffff,27.62231293,85.31717822,893c02d4113ffff
27.67857634,85.38388677,893c028b407ffff,27.6788026,85.3831489,893c028b407ffff
27.7050296,85.3291865,893c0299edbffff,27.70495872,85.32913402,893c0299edbffff
27.6894222,85.30804329,893c029922fffff,27.6897069,85.3073238,893c029922fffff
27.68942695,85.30804966,893c029922fffff,27.6897069,85.3073238,893c029922fffff
27.74294768,85.3341986,893c0298207ffff,27.7411,85.3338,893c0298207ffff
23.87872682,90.3986346,893cf1059dbffff,23.87872682,90.3986346,893cf1059dbffff
23.87183017,90.39924782,893cf105827ffff,23.8719154,90.39930582,893cf105827ffff
23.80313331,90.41603958,893cf13b2a3ffff,23.80317048,90.41608917,893cf13b2a3ffff
23.75560678,90.38479775,893cf10cbd3ffff,23.75557105,90.38475714,893cf10cbd3ffff
27.7136656,85.29459471,893c02990c7ffff,27.71427833,85.29502016,893c02990c7ffff
27.74662877,85.2990314,893c029b323ffff,27.74707118,85.29874407,893c029b323ffff
27.69489446,85.30691106,893c02993cbffff,27.69490188,85.30710015,893c02993cbffff
27.71993484,85.31558499,893c02991c3ffff,27.71975811,85.31588543,893c02991c3ffff
23.7484183,90.3518483,893cf10ddb3ffff,23.7481309,90.35184335,893cf10ddb3ffff
27.74956303,85.3248889,893c0298293ffff,27.74957902,85.32495929,893c0298293ffff
27.63552963,85.32861516,893c02d6a63ffff,27.63552963,85.32861516,893c02d6a63ffff
23.74746038,90.38726941,893cf10ca27ffff,23.74769,90.38628,893cf10ca27ffff
23.8718409,90.39923575,893cf105827ffff,23.8719154,90.39930582,893cf105827ffff
23.87011353,90.39791845,893cf10582fffff,23.8701028,90.39802942,893cf10582fffff
24.89026925,91.87871307,893ce36064fffff,24.8898389,91.8786565,893ce36064fffff
26.81163867,87.28026857,893c1c2432fffff,26.81152118,87.28023444,893c1c2432fffff
27.67869837,85.47751464,893c0288567ffff,27.67869837,85.47751464,893c0288567ffff
27.68725941,85.30277912,893c029922bffff,27.68725941,85.30277912,893c029922bffff
27.75317164,85.29001851,893c029b3bbffff,27.754209,85.2896963,893c029b3bbffff
27.66008504,85.32583985,893c02d6857ffff,27.6584102,85.3253791,893c02d6857ffff
27.72775308,85.3114916,893c0299563ffff,27.72687819,85.31079423,893c0299563ffff
27.69737949,85.30676253,893c02993dbffff,27.69648,85.30653,893c02993dbffff
27.67367633,85.36488064,893c02d6937ffff,27.6731149,85.36543873,893c02d6937ffff
27.70794239,85.30448265,893c0299077ffff,27.7079515,85.30413397,893c0299077ffff
27.71715559,85.3306419,893c029913bffff,27.71715559,85.3306419,893c029913bffff
27.72015476,85.27340222,893c0299453ffff,27.72015476,85.27340356,893c0299453ffff
27.70264207,85.28152797,893c029963bffff,27.70264207,85.28152797,893c029963bffff
27.77185691,85.36523335,893c0298133ffff,27.7712339,85.3668889,893c0298133ffff
27.67074121,85.47994003,893c02881cfffff,27.66925476,85.48018478,893c02881cfffff
27.7356506,85.32784201,893c0298247ffff,27.73554695,85.32815262,893c0298247ffff
26.81152118,87.28023444,893c1c2432fffff,26.81152118,87.28023444,893c1c2432fffff
27.6785802,85.34759983,893c02d6993ffff,27.68065854,85.34754183,893c02d6993ffff
27.7341946,85.30220035,893c0299513ffff,27.736191,85.3031074,893c0299513ffff
27.62754764,85.36369745,893c02d4d43ffff,27.62754764,85.36369745,893c02d4d43ffff
27.69334244,85.27998503,893c029966bffff,27.6953154,85.2811468,893c029966bffff
27.68165675,84.42974858,893c0659a83ffff,27.6836991,84.43252064,893c0659a83ffff
27.67342008,85.38146675,893c028b473ffff,27.67169227,85.38065705,893c028b473ffff
27.73566217,85.36255918,893c0299dc3ffff,27.73566217,85.36255918,893c0299dc3ffff
27.70814631,85.30879766,893c029902bffff,27.708,85.3101,893c029902bffff
27.73930417,85.325654,893c029821bffff,27.73822,85.32621,893c029821bffff
27.71298838,85.4139084,893c028a6a3ffff,27.71240845,85.41310528,893c028a6a3ffff
27.75380006,85.31868998,893c029863bffff,27.75399262,85.31772103,893c029863bffff
23.79290994,90.36142666,893cf10cc87ffff,23.79267,90.36066,893cf10cc87ffff
23.76162818,90.40784866,893cf10cba7ffff,23.76175751,90.40821679,893cf10cba7ffff
23.7930397,90.41917294,893cf13b22bffff,23.7930397,90.41917294,893cf13b22bffff
27.71534359,85.30890763,893c0299037ffff,27.71534359,85.30890763,893c0299037ffff
23.75574641,90.37429824,893cf10ca87ffff,23.75574641,90.37429824,893cf10ca87ffff
27.7128457,85.3175406,893c0299143ffff,27.71149778,85.31979855,893c0299143ffff
27.7169872,85.2982547,893c029908fffff,27.71683021,85.29828698,893c029908fffff
23.7524153,90.38060546,893cf10caafffff,23.75247,90.38058,893cf10caafffff
27.68006774,85.33409942,893c02d6d57ffff,27.6801066,85.33401746,893c02d6d57ffff
23.742607,90.36859,893cf10ca57ffff,23.74247213,90.36854524,893cf10ca57ffff
23.86215522,90.39345257,893cf10586fffff,23.863347,90.393436,893cf10586fffff
23.79105605,90.42597637,893cf139497ffff,23.79131957,90.42456485,893cf139497ffff
23.87042105,90.39070029,893cf10580fffff,23.86809488,90.38966284,893cf10580fffff
27.70739978,85.31034127,893c0299393ffff,27.70665065,85.31026765,893c0299393ffff
27.66376845,85.30621871,893c02d6e87ffff,27.6629394,85.3068906,893c02d6e87ffff
27.66376845,85.30621871,893c02d6e87ffff,27.6629394,85.3068906,893c02d6e87ffff
27.70563569,85.33524896,893c0299ec7ffff,27.70625,85.33637,893c0299ec7ffff
27.67230454,85.47983408,893c02881c3ffff,27.67230454,85.47983408,893c02881c3ffff
27.6873271,84.4198053,893c0659e0fffff,27.68831573,84.42037191,893c0659e0fffff
27.67258899,85.31308416,893c02d6c73ffff,27.67258899,85.31308416,893c02d6c73ffff
27.69682614,85.36745925,893c0299aafffff,27.69682614,85.36745925,893c0299aafffff
27.68341022,84.43131633,893c0659a83ffff,27.68341022,84.43131633,893c0659a83ffff
27.68624465,85.31338457,893c02d6c87ffff,27.68624465,85.31338457,893c02d6c87ffff
27.67652764,85.36137298,893c02d69afffff,27.67652764,85.36137298,893c02d69afffff
27.69346207,85.2744808,893c02d65b3ffff,27.69277,85.27454,893c02d65b3ffff
27.6927101,85.27883571,893c02d65a7ffff,27.6927101,85.27883571,893c02d65a7ffff
27.64393902,85.35251498,893c02d6b73ffff,27.64309255,85.35208415,893c02d6b73ffff
27.70481495,85.32059167,893c02993bbffff,27.70477933,85.320591,893c02993bbffff
27.67049297,85.40975466,893c028b1dbffff,27.67049297,85.40975466,893c028b1dbffff
27.64921308,85.30024979,893c02d6e53ffff,27.64921308,85.30024979,893c02d6e53ffff
27.72837958,85.32556113,893c02991b3ffff,27.72837958,85.32556113,893c02991b3ffff
27.69222353,85.30477736,893c0299223ffff,27.69222353,85.30477736,893c0299223ffff
27.67822183,85.47739394,893c028856fffff,27.6774558,85.47771111,893c028856fffff
27.67040835,85.47920275,893c02881cfffff,27.67040835,85.47920275,893c02881cfffff
27.67881327,85.34438521,893c02d6d67ffff,27.67881327,85.34438521,893c02d6d67ffff
27.74502647,85.33434654,893c02982abffff,27.74345535,85.33368199,893c02982abffff
27.69206886,85.30463554,893c0299223ffff,27.69206886,85.30463554,893c0299223ffff
27.64501416,85.37031647,893c02d4db3ffff,27.64475666,85.3704261,893c02d4db3ffff
27.68894423,85.27104724,893c02d65bbffff,27.68894875,85.27134105,893c02d65bbffff
27.74471814,85.35982836,893c0298377ffff,27.7434419,85.3584091,893c0298377ffff
27.7136164,85.2991404,893c0299013ffff,27.71402396,85.29613696,893c0299013ffff
27.70259635,85.31248502,893c029938bffff,27.7032579,85.3129669,893c029938bffff
27.67625032,83.4580721,893c33191c3ffff,27.67625032,83.4580721,893c33191c3ffff
27.75504295,85.30215885,893c02986c3ffff,27.75504295,85.30215885,893c02986c3ffff
27.6790894,85.476484,893c0288567ffff,27.68112617,85.4784276,893c0288567ffff
27.688699,85.32827049,893c02d6dd7ffff,27.688699,85.32827049,893c02d6dd7ffff
27.74252618,85.33420421,893c0298207ffff,27.74064863,85.33448712,893c0298207ffff
27.66361849,85.30620564,893c02d6e87ffff,27.66361849,85.30620564,893c02d6e87ffff
27.68754976,85.31074494,893c02d6c97ffff,27.68664278,85.30771639,893c02d6c97ffff
27.70689954,83.47210088,893c331804bffff,27.70689954,83.47210088,893c331804bffff
27.7240917,85.35423629,893c0299c77ffff,27.72408903,85.3542326,893c0299c77ffff
23.80798602,90.42993886,893cf13b38bffff,23.80795851,90.42992592,893cf13b38bffff
27.6949716,85.2783029,893c029966bffff,27.6953154,85.2811468,893c029966bffff
23.75773122,90.37431635,893cf10c84bffff,23.75763087,90.37432507,893cf10c84bffff
23.851777,90.408107,893cf105b73ffff,23.85012278,90.40776981,893cf105b73ffff
23.72263845,90.39699912,893cf176463ffff,23.72272501,90.39696962,893cf176463ffff
23.730132,90.415345,893cf176547ffff,23.7302184,90.4153352,893cf176547ffff
23.7656361,90.43843925,893cf1390c3ffff,23.7656766,90.4384996,893cf1390c3ffff
23.75773122,90.37431635,893cf10c84bffff,23.75763087,90.37432507,893cf10c84bffff
23.74010652,90.40853631,893cf1765d7ffff,23.74016668,90.40837705,893cf1765d7ffff
27.6923808,84.4361243,893c0659857ffff,27.6924256,84.4360765,893c0659857ffff
27.68756876,85.31800365,893c02d6cb7ffff,27.68789532,85.31806955,893c02d6cb7ffff
27.7333991,85.34633718,893c0299c8fffff,27.73255333,85.34758206,893c0299c8fffff
27.68299545,85.30384596,893c02d6c9bffff,27.68298001,85.30389994,893c02d6c9bffff
23.79714743,90.39021011,893cf10cda3ffff,23.79714743,90.39021011,893cf10cda3ffff
23.79714743,90.39021011,893cf10cda3ffff,23.79714743,90.39021011,893cf10cda3ffff
23.753326,90.418457,893cf139643ffff,23.75323374,90.41846015,893cf139643ffff
23.87240074,90.38275458,893cf10581bffff,23.8724244,90.3829202,893cf10581bffff
23.77532499,90.41254621,893cf10c923ffff,23.77535782,90.41238058,893cf10c923ffff
23.7613767,90.3662832,893cf10ce23ffff,23.761359,90.366406,893cf10ce23ffff
23.87184887,90.39922535,893cf105827ffff,23.8719154,90.39930582,893cf105827ffff
27.69807117,85.3132632,893c02993c7ffff,27.69861204,85.31317938,893c02993c7ffff
27.70069386,85.27528916,893c029960bffff,27.70077729,85.27449254,893c029960bffff
27.65774968,85.32048649,893c02d6e27ffff,27.65792575,85.3205318,893c02d6e27ffff
27.64964342,85.3206034,893c02d6a83ffff,27.64985385,85.32209603,893c02d6a83ffff
27.66224271,83.4705779,893c33193a7ffff,27.66222458,83.47056639,893c33193a7ffff
27.66986793,85.31070068,893c02d6c47ffff,27.66986793,85.31070068,893c02d6c47ffff
27.7048289,85.3206148,893c02993bbffff,27.70496307,85.31989429,893c02993bbffff
27.70071553,85.37623812,893c0299bd7ffff,27.70071553,85.37623812,893c0299bd7ffff
27.72588605,85.38236126,893c029999bffff,27.72588605,85.38236126,893c029999bffff
27.75572863,85.32296978,893c0298627ffff,27.7551337,85.32606011,893c0298627ffff
27.671378,85.3857191,893c028b467ffff,27.67248715,85.38814846,893c028b467ffff
27.65654521,85.36597263,893c028b6c7ffff,27.65654521,85.36597263,893c028b6c7ffff
27.70814542,85.33539075,893c0299ed7ffff,27.7079,85.3352,893c0299ed7ffff
27.72598933,85.40773999,893c028a4cfffff,27.72566732,85.40824693,893c028a4cfffff
27.70512781,85.31641044,893c0299387ffff,27.70512781,85.31641044,893c0299387ffff
27.7460048,85.3154584,893c029866bffff,27.74470746,85.3165257,893c029866bffff
27.70058937,85.3238368,893c0299333ffff,27.70058937,85.3238368,893c0299333ffff
27.68332233,85.48131835,893c028852fffff,27.68332233,85.48131835,893c028852fffff
26.81255103,87.26760417,893c1c2430bffff,26.81299179,87.26775136,893c1c2430bffff
27.6766472,85.3428856,893c02d6d6fffff,27.67478896,85.34454534,893c02d6d6fffff
27.70765714,85.32375533,893c02993b7ffff,27.70940219,85.32349683,893c02993b7ffff
27.68805996,85.29228439,893c029920bffff,27.68866554,85.29263139,893c029920bffff
27.66222593,83.4705679,893c33193a7ffff,27.66220059,83.47069113,893c33193a7ffff
27.71638926,85.36679012,893c0299817ffff,27.7163064,85.3670754,893c0299817ffff
27.70675358,85.31483263,893c0299397ffff,27.7087545,85.3146285,893c0299397ffff
27.70616913,85.32598114,893c02993a7ffff,27.70613861,85.32595825,893c02993a7ffff
27.69937941,85.30506704,893c02993d3ffff,27.7004867,85.304997,893c02993d3ffff
27.73159656,85.31841103,893c029952fffff,27.73167758,85.31794265,893c029952fffff
27.66950626,85.35596531,893c02d6903ffff,27.67163764,85.3541632,893c02d6903ffff
27.67708376,85.30929185,893c02d6c1bffff,27.67708376,85.30929185,893c02d6c1bffff
27.69205075,85.30618217,893c0299227ffff,27.69172864,85.30892406,893c0299227ffff
27.73663934,85.30565697,893c0299517ffff,27.73629779,85.30618964,893c0299517ffff
27.70276852,85.35850234,893c0299a97ffff,27.7030787,85.3579035,893c0299a97ffff
