Name,Pickup,Dropoff,Google Distance,bike,car,deviation_bike,deviation_car
Dhammondi 15 to gulshan 2,"23.744566444049873, 90.37256315086415","23.793589160750514, 90.41531553303945",12.4,11.33,11.33,-1.07,-1.07
Azad Mosque (Dhanmondi) To Purana Paltan,"23.723160254991075, 90.38771374929166","23.732273701219974, 90.41057223329862",3.7,3.31,3.31,-0.39,-0.39
Azad Mosque (Dhanmondi) To Kotwali,"23.723160254991075, 90.38771374929166","23.71018267717421, 90.40675573653705",3.4,3.17,3.17,-0.23,-0.23
Azad Mosque (Dhanmondi) To Armanitola,"23.723160254991075, 90.38771374929166","23.714474789970428, 90.40166961414154",2.3,2.82,2.82,0.52,0.52
Azad Mosque (Dhanmondi) To Chawkbazar,"23.723160254991075, 90.38771374929166","23.71657179212861, 90.39603086053421",1.3,1.72,1.72,0.42,0.42
Azad Mosque (Dhanmondi) To Motijheel,"23.723160254991075, 90.38771374929166","23.73303447928996, 90.41716489453002",5.3,4.13,4.13,-1.17,-1.17
Azad Mosque (Dhanmondi) To Tejgaon,"23.723160254991075, 90.38771374929166","23.75971835986349, 90.39091349447644",5.2,5.27,5.27,0.07,0.07
Azad Mosque (Dhanmondi) To Dhanmondi,"23.723160254991075, 90.38771374929166","23.74619071709292, 90.37421746317516",4.7,3.61,3.61,-1.09,-1.09
Azad Mosque (Dhanmondi) To Uttara,"23.723160254991075, 90.38771374929166","23.87416897344832, 90.39108988158193",22.4,21.01,21.01,-1.39,-1.39
Azad Mosque (Dhanmondi) To Mirpur,"23.723160254991075, 90.38771374929166","23.821928567297416, 90.36536926358303",12.9,12.91,12.91,0.01,0.01
Azad Mosque (Dhanmondi) To Mohammadpur,"23.723160254991075, 90.38771374929166","23.765874377010654, 90.3583108475684",7.3,6.8,6.8,-0.5,-0.5
Azad Mosque (Dhanmondi) To Gulshan 2,"23.723160254991075, 90.38771374929166","23.79479345976617, 90.41426510375673",13.6,11.31,11.31,-2.29,-2.29
Azad Mosque (Dhanmondi) To Banani,"23.723160254991075, 90.38771374929166","23.79357718124646, 90.40647799545194",12.4,11.32,11.32,-1.08,-1.08
Azad Mosque (Dhanmondi) To Baridhara,"23.723160254991075, 90.38771374929166","23.799984097716813, 90.42072145456558",11.9,12.44,12.44,0.54,0.54
Azad Mosque (Dhanmondi) To Bashundhara Residential Area (R/A),"23.723160254991075, 90.38771374929166","23.819979047760953, 90.43602058563276",21.2,19.67,19.67,-1.53,-1.53
Azad Mosque (Dhanmondi) To Farmgate,"23.723160254991075, 90.38771374929166","23.756163702068022, 90.38739806979204",5.4,4.2,4.2,-1.2,-1.2
Azad Mosque (Dhanmondi) To Agargaon,"23.723160254991075, 90.38771374929166","23.779451112079606, 90.38030747357772",8.6,8.01,8.01,-0.59,-0.59
Azad Mosque (Dhanmondi) To Shahbagh,"23.723160254991075, 90.38771374929166","23.739324300151807, 90.395844665572",2.6,2.64,2.64,0.04,0.04
Azad Mosque (Dhanmondi) To Khilkhet,"23.723160254991075, 90.38771374929166","23.831056137581886, 90.42409697444373",17.7,17.62,17.62,-0.08,-0.08
Azad Mosque (Dhanmondi) To Uttarkhan,"23.723160254991075, 90.38771374929166","23.87265592237122, 90.44814494717664",28.8,26.19,25.94,-2.61,-2.86
Azad Mosque (Dhanmondi) To Dakshinkhan,"23.723160254991075, 90.38771374929166","23.85222513782949, 90.42655359169058",20.0,19.64,19.64,-0.36,-0.36
Azad Mosque (Dhanmondi) To Banasree,"23.723160254991075, 90.38771374929166","23.762013826955457, 90.43335231871605",9.5,8.97,9.77,-0.53,0.27
Azad Mosque (Dhanmondi) To Aftab Nagar,"23.723160254991075, 90.38771374929166","23.764255603444784, 90.44664310179195",12.8,12.32,12.32,-0.48,-0.48
Azad Mosque (Dhanmondi) To Kawran Bazar,"23.723160254991075, 90.38771374929166","23.75164653195784, 90.39422350524823",4.2,4.22,4.22,0.02,0.02
Azad Mosque (Dhanmondi) To Malibagh,"23.723160254991075, 90.38771374929166","23.747044462653157, 90.41281377715275",5.8,5.84,5.84,0.04,0.04
Azad Mosque (Dhanmondi) To New Market,"23.723160254991075, 90.38771374929166","23.733043526135777, 90.38469965072998",1.7,1.69,1.69,-0.01,-0.01
Azad Mosque (Dhanmondi) To Naya Paltan,"23.723160254991075, 90.38771374929166","23.734460151459288, 90.41363525645356",4.1,4.12,4.12,0.02,0.02
Azad Mosque (Dhanmondi) To Airport Railway,"23.723160254991075, 90.38771374929166","23.85203431654994, 90.40809109492858",21.2,19.96,19.96,-1.24,-1.24
Azad Mosque (Dhanmondi) To Niketon,"23.723160254991075, 90.38771374929166","23.773018687295217, 90.40964243938514",8.5,7.7,7.7,-0.8,-0.8
Azad Mosque (Dhanmondi) To Wari,"23.723160254991075, 90.38771374929166","23.71719499147384, 90.41789022209967",5.5,5.29,5.01,-0.21,-0.49
Azad Mosque (Dhanmondi) To Segunbagicha,"23.723160254991075, 90.38771374929166","23.731501348262384, 90.40676928065153",2.9,3.28,3.28,0.38,0.38
Azad Mosque (Dhanmondi) To Motsho Bhaban,"23.723160254991075, 90.38771374929166","23.73418396434512, 90.40405739492458",3.9,3.74,3.74,-0.16,-0.16
Azad Mosque (Dhanmondi) To Shantinagar,"23.723160254991075, 90.38771374929166","23.738192811403504, 90.41416757924095",4.6,4.38,4.37,-0.22,-0.23
Azad Mosque (Dhanmondi) To Jatrabari,"23.723160254991075, 90.38771374929166","23.7102964153694, 90.43454494716097",6.1,7.57,7.57,1.47,1.47
Azad Mosque (Dhanmondi) To Sadarghat,"23.723160254991075, 90.38771374929166","23.704868129402115, 90.4157283750005",4.4,4.41,4.41,0.0,0.0
Azad Mosque (Dhanmondi) To Mohakhali,"23.723160254991075, 90.38771374929166","23.777854677596434, 90.4057479875048",9.2,8.44,8.44,-0.76,-0.76
Azad Mosque (Dhanmondi) To Banani DOHS,"23.723160254991075, 90.38771374929166","23.79326478964714, 90.39893695630103",9.8,9.74,9.74,-0.06,-0.06
Azad Mosque (Dhanmondi) To Baridhara DOHS,"23.723160254991075, 90.38771374929166","23.8125933316261, 90.41299491840999",17.2,13.06,13.06,-4.14,-4.14
Azad Mosque (Dhanmondi) To Abdullahpur,"23.723160254991075, 90.38771374929166","23.880087376148854, 90.40108172376549",22.0,20.68,20.68,-1.32,-1.32
Azad Mosque (Dhanmondi) To Ramna ,"23.723160254991075, 90.38771374929166","23.733010605825754, 90.39838923841842",2.4,2.09,2.09,-0.31,-0.31
Azad Mosque (Dhanmondi) To Housebuilding,"23.723160254991075, 90.38771374929166","23.87472562982738, 90.40055033910889",26.7,20.08,20.08,-6.62,-6.62
Azad Mosque (Dhanmondi) To Shyamoli,"23.723160254991075, 90.38771374929166","23.770944853769944, 90.3643630494088",7.4,6.29,6.29,-1.11,-1.11
Azad Mosque (Dhanmondi) To Pallabi,"23.723160254991075, 90.38771374929166","23.82643315131396, 90.3642554210073",14.7,13.22,13.22,-1.48,-1.48
Azad Mosque (Dhanmondi) To Kafrul,"23.723160254991075, 90.38771374929166","23.78978600718145, 90.39142758659793",10.2,9.95,9.95,-0.25,-0.25
Azad Mosque (Dhanmondi) To Rajlokkhi,"23.723160254991075, 90.38771374929166","23.864377863996197, 90.39974742376492",19.0,18.95,18.95,-0.05,-0.05
Azad Mosque (Dhanmondi) To Dhanmondi,"23.723160254991075, 90.38771374929166","23.747251484283616, 90.37349526264282",4.2,3.75,3.75,-0.45,-0.45
Azad Mosque (Dhanmondi) To Mohammodia Housing Society,"23.723160254991075, 90.38771374929166","23.76372750425014, 90.35571965482585",7.3,6.85,6.85,-0.45,-0.45
Azad Mosque (Dhanmondi) To Dhaka Cantonment,"23.723160254991075, 90.38771374929166","23.828588827218468, 90.38836748788904",18.8,14.69,14.63,-4.11,-4.17
Azad Mosque (Dhanmondi) To Khilgaon,"23.723160254991075, 90.38771374929166","23.74763244661704, 90.42879851841103",7.2,6.12,6.12,-1.08,-1.08
Azad Mosque (Dhanmondi) To Badda,"23.723160254991075, 90.38771374929166","23.780679309432028, 90.42591699265579",10.4,9.24,9.24,-1.16,-1.16
Azad Mosque (Dhanmondi) To Basabo,"23.723160254991075, 90.38771374929166","23.743101986295244, 90.4301973345579",7.4,6.36,6.36,-1.04,-1.04
Azad Mosque (Dhanmondi) To Rampura,"23.723160254991075, 90.38771374929166","23.761694273191036, 90.42082319633694",7.4,7.18,7.18,-0.22,-0.22
Azad Mosque (Dhanmondi) To Kamalapur,"23.723160254991075, 90.38771374929166","23.733822047994106, 90.4262837483779",6.8,5.66,5.66,-1.14,-1.14
Azad Mosque (Dhanmondi) To Airport,"23.723160254991075, 90.38771374929166","23.843944683686694, 90.40309686088067",17.2,17.57,17.57,0.37,0.37
Azad Mosque (Dhanmondi) To Mirpur DOHS,"23.723160254991075, 90.38771374929166","23.836550426406184, 90.36930257291579",17.6,17.52,17.52,-0.08,-0.08
Azad Mosque (Dhanmondi) To Adabor,"23.723160254991075, 90.38771374929166","23.77334452925566, 90.35491227902814",8.0,7.54,7.54,-0.46,-0.46
Azad Mosque (Dhanmondi) To Lalmatia,"23.723160254991075, 90.38771374929166","23.7563717097249, 90.36813780715765",5.4,4.94,4.94,-0.46,-0.46
Azad Mosque (Dhanmondi) To Kalabagan,"23.723160254991075, 90.38771374929166","23.749675005293483, 90.38277511898877",4.2,3.36,3.36,-0.84,-0.84
Azad Mosque (Dhanmondi) To Mohakhali DOHS,"23.723160254991075, 90.38771374929166","23.78305224016706, 90.39525837210826",8.1,8.39,8.39,0.29,0.29
Azad Mosque (Dhanmondi) To Nikunja,"23.723160254991075, 90.38771374929166","23.83201349199618, 90.41755656787933",15.3,15.17,15.17,-0.13,-0.13
Azad Mosque (Dhanmondi) To Gulshan 1,"23.723160254991075, 90.38771374929166","23.780471476689158, 90.4167028225868",9.1,8.88,8.88,-0.22,-0.22
Dhanmondi Road 1 To Old Dhaka,"23.73892674599274, 90.38323055613314","23.723373520317594, 90.3874611621029",2.3,3.11,3.11,0.81,0.81
Dhanmondi Road 1 To Purana Paltan,"23.73892674599274, 90.38323055613314","23.732273701219974, 90.41057223329862",4.6,4.85,4.85,0.25,0.25
Dhanmondi Road 1 To Kotwali,"23.73892674599274, 90.38323055613314","23.71018267717421, 90.40675573653705",6.1,6.3,6.3,0.2,0.2
Dhanmondi Road 1 To Armanitola,"23.73892674599274, 90.38323055613314","23.714474789970428, 90.40166961414154",5.1,5.96,5.96,0.86,0.86
Dhanmondi Road 1 To Chawkbazar,"23.73892674599274, 90.38323055613314","23.71657179212861, 90.39603086053421",4.6,4.86,4.86,0.26,0.26
Dhanmondi Road 1 To Motijheel,"23.73892674599274, 90.38323055613314","23.73303447928996, 90.41716489453002",6.0,5.76,5.76,-0.24,-0.24
Dhanmondi Road 1 To Tejgaon,"23.73892674599274, 90.38323055613314","23.75971835986349, 90.39091349447644",3.6,3.81,3.81,0.21,0.21
Dhanmondi Road 1 To Dhanmondi,"23.73892674599274, 90.38323055613314","23.74619071709292, 90.37421746317516",2.0,2.0,2.0,-0.0,-0.0
Dhanmondi Road 1 To Uttara,"23.73892674599274, 90.38323055613314","23.87416897344832, 90.39108988158193",20.2,19.54,19.54,-0.66,-0.66
Dhanmondi Road 1 To Mirpur,"23.73892674599274, 90.38323055613314","23.821928567297416, 90.36536926358303",11.8,11.45,11.45,-0.35,-0.35
Dhanmondi Road 1 To Mohammadpur,"23.73892674599274, 90.38323055613314","23.765874377010654, 90.3583108475684",4.8,4.91,4.91,0.11,0.11
Dhanmondi Road 1 To Gulshan 2,"23.73892674599274, 90.38323055613314","23.79479345976617, 90.41426510375673",11.9,10.59,10.59,-1.31,-1.31
Dhanmondi Road 1 To Banani,"23.73892674599274, 90.38323055613314","23.79357718124646, 90.40647799545194",11.1,9.66,9.66,-1.44,-1.44
Dhanmondi Road 1 To Baridhara,"23.73892674599274, 90.38323055613314","23.799984097716813, 90.42072145456558",13.0,11.72,11.72,-1.28,-1.28
Dhanmondi Road 1 To Bashundhara Residential Area (R/A),"23.73892674599274, 90.38323055613314","23.819979047760953, 90.43602058563276",19.9,18.2,18.2,-1.7,-1.7
Dhanmondi Road 1 to Farmgate,"23.73892674599274, 90.38323055613315","23.756163702068022, 90.38739806979204",3.8,3.24,3.24,-0.56,-0.56
Dhanmondi Road 1 To Agargaon,"23.73892674599274, 90.38323055613314","23.756144062543118, 90.38715130656637",3.8,3.24,3.24,-0.56,-0.56
Dhanmondi Road 1 To Shahbagh,"23.73892674599274, 90.38323055613314","23.74017563163622, 90.39436204349248",2.6,2.59,2.59,-0.01,-0.01
Dhanmondi Road 1 To Khilkhet,"23.73892674599274, 90.38323055613314","23.83110709772559, 90.42433287878252",17.6,16.18,16.18,-1.42,-1.42
Dhanmondi Road 1 To Uttarkhan,"23.73892674599274, 90.38323055613314","23.87265592237122, 90.44814494717664",27.5,24.73,24.48,-2.77,-3.02
Dhanmondi Road 1 To Dakshinkhan,"23.73892674599274, 90.38323055613314","23.85222513782949, 90.42655359169058",21.1,18.18,18.18,-2.92,-2.92
Dhanmondi Road 1 To Banasree,"23.73892674599274, 90.38323055613314","23.762013826955457, 90.43335231871605",8.9,8.65,9.44,-0.25,0.54
Dhanmondi Road 1 To Aftab Nagar,"23.73892674599274, 90.38323055613314","23.764255603444784, 90.44664310179195",13.0,12.0,12.0,-1.0,-1.0
Dhanmondi Road 1 To Kawran Bazar,"23.73892674599274, 90.38323055613314","23.75164653195784, 90.39422350524823",3.0,3.5,3.5,0.5,0.5
Dhanmondi Road 1 To Malibagh,"23.73892674599274, 90.38323055613314","23.747044462653157, 90.41281377715275",5.8,5.81,5.81,0.01,0.01
Dhanmondi Road 1 To New Market,"23.73892674599274, 90.38323055613314","23.733043526135777, 90.38469965072998",2.7,2.64,2.64,-0.06,-0.06
Dhanmondi Road 1 To Naya Paltan,"23.73892674599274, 90.38323055613314","23.734460151459288, 90.41363525645356",4.9,5.66,5.66,0.76,0.76
Dhanmondi Road 1 To Airport Railway Station,"23.73892674599274, 90.38323055613314","23.85203431654994, 90.40809109492858",19.9,18.5,18.5,-1.4,-1.4
Dhanmondi Road 1 To Niketon,"23.73892674599274, 90.38323055613314","23.773018687295217, 90.40964243938514",7.4,6.98,6.98,-0.42,-0.42
Dhanmondi Road 1 To Wari,"23.73892674599274, 90.38323055613314","23.71719499147384, 90.41789022209967",7.8,7.73,7.45,-0.07,-0.35
Dhanmondi Road 1 To Segunbagicha,"23.73892674599274, 90.38323055613314","23.731501348262384, 90.40676928065153",4.1,5.63,5.63,1.53,1.53
Dhanmondi Road 1 To Motsho Bhaban,"23.73892674599274, 90.38323055613314","23.73418396434512, 90.40405739492458",4.0,4.41,4.41,0.41,0.41
Dhanmondi Road 1 To Shantinagar,"23.73892674599274, 90.38323055613314","23.738192811403504, 90.41416757924095",5.3,5.23,5.22,-0.07,-0.08
Dhanmondi Road 1 To Jatrabari,"23.73892674599274, 90.38323055613314","23.710369545363513, 90.43442350268623",8.4,10.0,10.0,1.6,1.6
Dhanmondi Road 1 To Sadarghat,"23.73892674599274, 90.38323055613314","23.704868129402115, 90.4157283750005",7.4,7.54,7.54,0.14,0.14
Dhanmondi Road 1 To Mohakhali,"23.73892674599274, 90.38323055613314","23.777854677596434, 90.4057479875048",7.6,7.72,7.72,0.12,0.12
Dhanmondi Road 1 To Banani DOHS,"23.73892674599274, 90.38323055613314","23.79326478964714, 90.39893695630103",8.1,8.28,8.28,0.18,0.18
Dhanmondi Road 1 To Baridhara DOHS,"23.73892674599274, 90.38323055613314","23.8125933316261, 90.41299491840999",13.1,11.6,11.6,-1.5,-1.5
Dhanmondi Road 1 To Abdullahpur,"23.73892674599274, 90.38323055613314","23.880087376148854, 90.40108172376549",20.8,19.22,19.22,-1.58,-1.58
Dhanmondi Road 1 To Ramna,"23.73892674599274, 90.38323055613314","23.733010605825754, 90.39838923841842",3.7,3.34,3.34,-0.36,-0.36
Dhanmondi Road 1 To Housebuilding ,"23.73892674599274, 90.38323055613314","23.87472562982738, 90.40055033910889",26.7,18.61,18.61,-8.09,-8.09
Dhanmondi Road 1 To Shyamoli,"23.73892674599274, 90.38323055613314","23.770944853769944, 90.3643630494088",5.4,5.24,5.24,-0.16,-0.16
Dhanmondi Road 1 To Pallabi,"23.73892674599274, 90.38323055613314","23.82643315131396, 90.3642554210073",12.8,11.76,11.76,-1.04,-1.04
Dhanmondi Road 1 To Kafrul,"23.73892674599274, 90.38323055613314","23.78978600718145, 90.39142758659793",10.1,8.49,8.49,-1.61,-1.61
Dhanmondi Road 1 To Azimpur,"23.73892674599274, 90.38323055613314","23.727412937869925, 90.38607767473717",3.4,2.78,2.78,-0.62,-0.62
Dhanmondi Road 1 To Rajlokkhi,"23.73892674599274, 90.38323055613314","23.864377863996197, 90.39974742376492",20.4,17.49,17.49,-2.91,-2.91
Dhanmondi Road 1 To Dhanmondi,"23.73892674599274, 90.38323055613314","23.747251484283616, 90.37349526264282",2.7,2.14,2.14,-0.56,-0.56
Dhanmondi Road 1 To Mohammadia Housing Society,"23.73892674599274, 90.38323055613314","23.76372750425014, 90.35571965482585",4.8,4.96,4.96,0.16,0.16
Dhanmondi Road 1 To Dhaka Cantonment,"23.73892674599274, 90.38323055613314","23.828588827218468, 90.38836748788904",18.8,13.23,13.17,-5.57,-5.63
Dhanmondi Road 1 To Khilgaon,"23.73892674599274, 90.38323055613314","23.74763244661704, 90.42879851841103",7.2,7.37,7.37,0.17,0.17
Dhanmondi Road 1 To Badda,"23.73892674599274, 90.38323055613314","23.780679309432028, 90.42591699265579",9.4,8.92,8.92,-0.48,-0.48
Dhanmondi Road 1 To Basabo,"23.73892674599274, 90.38323055613314","23.743101986295244, 90.4301973345579",7.4,7.61,7.61,0.21,0.21
Dhanmondi Road 1 To Rampura,"23.73892674599274, 90.38323055613314","23.761694273191036, 90.42082319633694",7.5,6.86,6.86,-0.64,-0.64
Dhanmondi Road 1 To Kamalapur,"23.73892674599274, 90.38323055613314","23.733822047994106, 90.4262837483779",6.8,6.91,6.91,0.11,0.11
Dhanmondi Road 1 To Airport ,"23.73892674599274, 90.38323055613314","23.843944683686694, 90.40309686088067",18.6,16.11,16.11,-2.49,-2.49
Dhanmondi Road 1 To Mirpur DOHS,"23.73892674599274, 90.38323055613314","23.836550426406184, 90.36930257291579",17.5,16.06,16.06,-1.44,-1.44
Dhanmondi Road 1 To Adabor,"23.73892674599274, 90.38323055613314","23.77334452925566, 90.35491227902814",6.9,6.03,6.03,-0.87,-0.87
Dhanmondi Road 1 To Lalmatia,"23.73892674599274, 90.38323055613314","23.7563717097249, 90.36813780715765",3.7,3.32,3.32,-0.38,-0.38
Dhanmondi Road 1 To Kalabagan,"23.73892674599274, 90.38323055613314","23.749675005293483, 90.38277511898877",3.3,2.4,2.4,-0.9,-0.9
Dhanmondi Road 1 To Mohakhali DOHS,"23.73892674599274, 90.38323055613314","23.78305224016706, 90.39525837210826",8.1,6.93,6.93,-1.17,-1.17
Dhanmondi Road 1 To Nikunja,"23.73892674599274, 90.38323055613314","23.83201349199618, 90.41755656787933",15.3,13.71,13.71,-1.59,-1.59
Dhanmondi Road 1 To Gulshan 1,"23.73892674599274, 90.38323055613314","23.780471476689158, 90.4167028225868",8.0,8.16,8.16,0.16,0.16
Mohakhali To Old Dhaka,"23.778030352558627, 90.39817508179783","23.722800923889817, 90.38755454198304",7.9,8.04,8.04,0.14,0.14
Mohakhali To Purana Paltan,"23.778030352558627, 90.39817508179783","23.732273701219974, 90.41057223329862",7.8,7.47,7.47,-0.33,-0.33
Mohakhali To Kotwali,"23.778030352558627, 90.39817508179783","23.71018267717421, 90.40675573653705",10.4,9.07,9.07,-1.33,-1.33
Mohakhali To Armanitola,"23.778030352558627, 90.39817508179783","23.714474789970428, 90.40166961414154",9.4,8.69,8.69,-0.71,-0.71
Mohakhali To Chawkbazar,"23.778030352558627, 90.39817508179783","23.71657179212861, 90.39603086053421",8.9,8.4,8.4,-0.5,-0.5
Mohakhali To Motijheel,"23.778030352558627, 90.39817508179783","23.73303447928996, 90.41716489453002",8.4,7.56,7.56,-0.84,-0.84
Mohakhali To Tejgaon,"23.778030352558627, 90.39817508179783","23.75971835986349, 90.39091349447644",3.0,3.02,3.02,0.02,0.02
Mohakhali To Dhanmondi,"23.778030352558627, 90.39817508179783","23.74619071709292, 90.37421746317516",6.4,6.6,6.6,0.2,0.2
Mohakhali To Uttara,"23.778030352558627, 90.39817508179783","23.87416897344832, 90.39108988158193",15.3,13.38,13.38,-1.92,-1.92
Mohakhali To Mirpur,"23.778030352558627, 90.39817508179783","23.821928567297416, 90.36536926358303",10.9,8.97,8.97,-1.93,-1.93
Mohakhali To Mohammadpur,"23.778030352558627, 90.39817508179783","23.765874377010654, 90.3583108475684",5.8,5.84,5.84,0.04,0.04
Mohakhali To Gulshan 2,"23.778030352558627, 90.39817508179783","23.79479345976617, 90.41426510375673",6.1,4.61,4.61,-1.49,-1.49
Mohakhali To Banani,"23.778030352558627, 90.39817508179783","23.79357718124646, 90.40647799545194",5.3,2.43,2.43,-2.87,-2.87
Mohakhali To Baridhara,"23.778030352558627, 90.39817508179783","23.799984097716813, 90.42072145456558",7.3,5.74,5.74,-1.56,-1.56
Mohakhali To Bashundhara Residential Area (R/A),"23.778030352558627, 90.39817508179783","23.819979047760953, 90.43602058563276",14.1,12.05,12.05,-2.05,-2.05
Mohakhali To Farmgate,"23.778030352558627, 90.39817508179783","23.756163702068022, 90.38739806979204",4.2,5.2,5.2,1.0,1.0
Mohakhali To Agargaon,"23.778030352558627, 90.39817508179783","23.779353185410912, 90.37363763218647",5.1,5.44,5.44,0.34,0.34
Mohakhali To Shahbagh,"23.778030352558627, 90.39817508179783","23.73923470150866, 90.39463700857138",6.0,5.9,5.9,-0.1,-0.1
Mohakhali To Khilkhet,"23.778030352558627, 90.39817508179783","23.831056137581886, 90.42409697444373",11.8,10.0,10.0,-1.8,-1.8
Mohakhali To Uttarkhan,"23.778030352558627, 90.39817508179783","23.87265592237122, 90.44814494717664",21.7,18.57,18.32,-3.13,-3.38
Mohakhali To Dakshinkhan,"23.778030352558627, 90.39817508179783","23.85222513782949, 90.42655359169058",14.1,12.02,12.02,-2.08,-2.08
Mohakhali To Banasree,"23.778030352558627, 90.39817508179783","23.762013826955457, 90.43335231871605",8.1,7.39,7.39,-0.71,-0.71
Mohakhali To Aftab Nagar,"23.778030352558627, 90.39817508179783","23.764255603444784, 90.44664310179195",7.4,8.5,8.5,1.1,1.1
Mohakhali To Kawran Bazar,"23.778030352558627, 90.39817508179783","23.75164653195784, 90.39422350524823",3.9,3.78,3.78,-0.12,-0.12
Mohakhali To Malibagh,"23.778030352558627, 90.39817508179783","23.747044462653157, 90.41281377715275",6.4,5.98,5.98,-0.42,-0.42
Mohakhali To New Market,"23.778030352558627, 90.39817508179783","23.733043526135777, 90.38469965072998",8.1,7.22,7.22,-0.88,-0.88
Mohakhali To Naya Paltan,"23.778030352558627, 90.39817508179783","23.734460151459288, 90.41363525645356",7.8,7.91,7.91,0.11,0.11
Mohakhali To Airport Railway Station,"23.778030352558627, 90.39817508179783","23.85203431654994, 90.40809109492858",12.3,12.34,12.34,0.04,0.04
Mohakhali To Niketon,"23.778030352558627, 90.39817508179783","23.773018687295217, 90.40964243938514",3.5,3.77,3.77,0.27,0.27
Mohakhali To Wari,"23.778030352558627, 90.39817508179783","23.71719499147384, 90.41789022209967",10.6,9.64,10.18,-0.96,-0.42
Mohakhali To Segunbagicha,"23.778030352558627, 90.39817508179783","23.731501348262384, 90.40676928065153",7.4,8.18,8.18,0.78,0.78
Mohakhali To Motsho Bhaban,"23.778030352558627, 90.39817508179783","23.73418396434512, 90.40405739492458",7.2,6.21,6.21,-0.99,-0.99
Mohakhali To Shantinagar,"23.778030352558627, 90.39817508179783","23.738192811403504, 90.41416757924095",7.4,7.02,6.36,-0.38,-1.04
Mohakhali To Jatrabari,"23.778030352558627, 90.39817508179783","23.710978869431482, 90.43437323250768",11.7,11.0,10.93,-0.7,-0.77
Mohakhali To Sadarghat,"23.778030352558627, 90.39817508179783","23.704868129402115, 90.4157283750005",11.3,10.58,10.58,-0.72,-0.72
Mohakhali To Mohakhali,"23.778030352558627, 90.39817508179783","23.777854677596434, 90.4057479875048",2.1,1.65,1.65,-0.45,-0.45
Mohakhali To Banani DOHS,"23.778030352558627, 90.39817508179783","23.79326478964714, 90.39893695630103",2.1,2.12,2.12,0.02,0.02
Mohakhali To Baridhara DOHS,"23.778030352558627, 90.39817508179783","23.8125933316261, 90.41299491840999",5.4,5.44,5.44,0.04,0.04
Mohakhali To Abdullahpur,"23.778030352558627, 90.39817508179783","23.880087376148854, 90.40108172376549",13.1,13.06,13.06,-0.04,-0.04
Mohakhali To Ramna,"23.778030352558627, 90.39817508179783","23.733010605825754, 90.39838923841842",7.1,6.31,6.31,-0.79,-0.79
Mohakhali To Housebuilding,"23.778030352558627, 90.39817508179783","23.87472562982738, 90.40055033910889",12.6,12.46,12.46,-0.14,-0.14
Mohakhali To Shyamoli,"23.778030352558627, 90.39817508179783","23.770944853769944, 90.3643630494088",5.8,5.33,5.33,-0.47,-0.47
Mohakhali To Pallabi,"23.778030352558627, 90.39817508179783","23.82643315131396, 90.3642554210073",10.0,7.92,7.92,-2.08,-2.08
